{"cameraMode":{"drawMode":0,"name":"Shaded","section":"Shading Mode"},"sceneLighting":true,"audioPlay":false,"sceneViewState":{"showFog":true,"showMaterialUpdate":false,"showSkybox":true,"showFlares":true,"showImageEffects":true,"showParticleSystems":true},"in2DMode":false,"pivot":{"x":-416.6862487792969,"y":1968.5062255859375,"z":-596.6998901367188},"rotation":{"x":0.6723613739013672,"y":-0.0022206553258001806,"z":0.0020170998759567739,"w":0.7402169704437256},"size":1574.2764892578125,"orthographic":true}